day	month	Year	Name 
1	Jan	2012	Galaxy Leo IV
2	Jan	2005	Galaxy Cluster SDSS J1004+4112
3	Jan	2017	NGC 4302 and NGC 4298
4	Jan	1998	Saturn in Infrared
5	Jan	2010	Galaxy NGC 2841
6	Jan	2006	Interacting Galaxies Arp 220
7	Jan	2010	Galaxy NGC 2841
8	Jan	2007	Galaxy NGC 2976
9	Jan	2003	Galaxy NGC 1427A
10	Jan	1998	Galaxy Centaurus A 
11	Jan	2000	NGC 2392
12	Jan	2011	Andromeda Galaxy
13	Jan	2011	Andromeda Galaxy
14	Jan	2003	Galaxy NGC 2768
15	Jan	2006	Galaxy NGC 4710
16	Jan	2004	Lindsay Shapley Ring Galaxy
17	Jan	2017	Supernova 1987A
18	Jan	2004	Galaxy NGC 4163
19	Jan	2005	Whirlpool Galaxy 
20	Jan	2005	Whirlpool Galaxy
21	Jan	2000	Reflection Nebula NGC 1999
22	Jan	2005	Whirlpool Galaxy
23	Jan	2004	Asteroid Ceres
24	Jan	2015	Jupiter and Moons
25	Jan	2000	Galaxy NGC 4013
26	Jan	2016	Comet 332P/Ikeya Murakami
27	Jan	2016	Comet 332P/Ikeya Murakami
28	Jan	2016	Comet Ikeya Murakami
29	Jan	1999	Galaxy NGC 2787
30	Jan	2010	Galaxy NGC 5584
31	Jan	1996	Starfield in the Large Magellanic Cloud
1	Feb	2010	Carina Nebula Pillars
2	Feb	2010	Carina Nebula Pillars
3	Feb	1995	Bow Shock Around LL Orionis
4	Feb	2005	Galaxy Cluster MACS J0717.5+3745
5	Feb	2019	Asteroid (6478) Gault
6	Feb	2007	Planetary Nebula NGC 2440
7	Feb	1999	Thackeray's Globules
8	Feb	2014	Monkey Head Nebula
9	Feb	2014	Monkey Head Nebula
10	Feb	2005	Brown Dwarf Candidate CHXR 73 B
11	Feb	2001	Thackeray's Globules
12	Feb	2018	Lagoon Nebula 
13	Feb	2011	Nebula Sharpless 2 106
14	Feb	2007	Colliding Galaxies Arp 272
15	Feb	1998	Galaxy I Zwicky 18
16	Feb	2005	Antennae Galaxies
17	Feb	2015	Dwarf Galaxy Kiso 5639
18	Feb	2014	Herbig Haro 24
19	Feb	2014	Monkey Head Nebula
20	Feb	2014	Monkey Head Nebula
21	Feb	2014	Monkey Head Nebula
22	Feb	2004	Spiral Galaxy NGC 1313
23	Feb	2013	Galaxies in the GOODS North Field
24	Feb	2009	Saturn and Moons
25	Feb	1995	Mars
26	Feb	2016	Bubble Nebula
27	Feb	2002	Little Ghost Nebula
28	Feb	2008	Galactic Center
29	Feb	2004	SWEEPS Star Field 
1	Mar	2011	Galaxy Cluster RCS2 032727 132623
2	Mar	2006	Pluto System
3	Mar	1994	Globular Cluster NGC 6397
4	Mar	2003	Galaxy Fornax A
5	Mar	1999	Galaxy NGC 1512
6	Mar	2012	Beta Pictoris Disk
7	Mar	2003	Saturn in Ultraviolet
8	Mar	2005	Einstein Ring SDSS J120540
9	Mar	2011	Galaxy Cluster Abell 2261
10	Mar	1997	Mars
11	Mar	2019	Southern Crab Nebula
12	Mar	2005	Einstein Ring SDSS J125028.25+052349
13	Mar	1997	Galaxy NGC 3310
14	Mar	1999	Interacting Galaxies Arp 297
15	Mar	1999	Interacting Galaxies Arp 81
16	Mar	2012	Supernova Didius
17	Mar	1999	Red Rectangle Nebula
18	Mar	1994	Pinwheel Galaxy
19	Mar	2009	Galaxy M83
20	Mar	1996	Colliding Galaxies NGC 6745
21	Mar	1996	Colliding Galaxies NGC 6745
22	Mar	2004	Saturn
23	Mar	2006	Dwarf Galaxy Holmberg IX
24	Mar	2008	Galactic Center
25	Mar	2000	Interstellar Bubble N44F
26	Mar	2010	Star RS Puppis
27	Mar	2005	Galaxy M81 
28	Mar	2000	Ghost Head Nebula
29	Mar	2006	Galaxy M82
30	Mar	1997	Four Faces of Mars
31	Mar	1997	Interacting Galaxies AM 0500 620
1	Apr	1995	Eagle Nebula Pillars
2	Apr	2009	Interacting Galaxies Arp 274
3	Apr	2017	Jupiter
4	Apr	1999	Galaxy Pair NGC 3314
5	Apr	2008	Galactic Center
6	Apr	2001	Galaxy ESO 510 G13
7	Apr	2013	30 Doradus Nebula
8	Apr	1999	Galaxy NGC 4650A
9	Apr	2007	Jupiter and Ganymede
10	Apr	1999	Circinus Galaxy
11	Apr	2008	Galactic Center
12	Apr	2010	Hanny's Voorwerp
13	Apr	2011	Galaxy Cluster Abell 2261
14	Apr	2006	Galaxy ESO 99 4
15	Apr	2015	Veil Nebula
16	Apr	2015	Veil Nebula
17	Apr	2011	Galaxy Cluster Abell 2261
18	Apr	1997	Globular Cluster M79
19	Apr	2010	Asteroid P/2010 A2
20	Apr	2008	Galactic Center
21	Apr	2014	Jupiter
22	Apr	2000	30 Doradus Nebula
23	Apr	2008	Galactic Center
24	Apr	1991	Cygnus Loop Supernova Remnant 
25	Apr	2006	Two Red Spots on Jupiter
26	Apr	2008	Galactic Center
27	Apr	1999	Supernova Remnant N 49
28	Apr	2004	Galaxy Cluster SDSS J1004+4112
29	Apr	1998	Nebula N 180B
30	Apr	2002	Star V838 Monocerotis
1	May	2000	Galaxy NGC 3982
2	May	2006	Star Cluster M15
3	May	2006	Galaxy ESO 239 2
4	May	2002	Cat's Eye Nebula
5	May	2008	Galactic Center
6	May	2012	Stars in the Galactic Core
7	May	2000	Galaxy NGC 3982
8	May	2013	Comet ISON
9	May	2008	Red Spots on Jupiter
10	May	2008	Red Spots on Jupiter
11	May	2002	Cone Nebula
12	May	1999	Star Forming Region N11B
13	May	2002	Interacting Galaxies IRAS 19297 0406
14	May	2013	Galaxy Cluster Abell 2744
15	May	2008	Red Spots on Jupiter 
16	May	2006	Hickson Compact Group 90
17	May	2002	Galaxy Cluster RDCS 1252.9 2927
18	May	1994	Jupiter 
19	May	2014	Jupiter's Auroras
20	May	2013	Galaxy Cluster Abell 2744
21	May	2000	Nebula NGC 1748
22	May	1995	Saturn
23	May	2013	Galaxy Cluster Abell 2744
24	May	2013	Galaxy Cluster Abell 2744
25	May	2001	Galaxy NGC 4622
26	May	2003	Galaxy I Zwicky 18
27	May	1998	Galaxy I Zwicky 18
28	May	1998	Galaxy I Zwicky 18
29	May	2003	Galaxy I Zwicky 18
30	May	1999	Swan Nebula
31	May	2002	Galaxy NGC 2768
1	Jun	2003	Galaxy I Zwicky 18
2	Jun	2014	Jupiter's Auroras
3	Jun	2003	Galaxy I Zwicky 18
4	Jun	1994	Quasar 3C 273
5	Jun	2007	Jupiter
6	Jun	2003	Galaxy I Zwicky 18
7	Jun	2010	Jupiter
8	Jun	2003	Sombrero Galaxy
9	Jun	2001	Galaxy NGC 6782
10	Jun	2006	Galaxy NGC 7674
11	Jun	1997	Star Cluster Omega Centauri
12	Jun	2002	Galaxy Cluster Abell 1689
13	Jun	2005	Star VY Canis Majoris
14	Jun	2002	Galaxy Cluster Abell 1689
15	Jun	1999	Globular Cluster M22
16	Jun	2002	Galaxy Cluster Abell 1689
17	Jun	1999	Stephan's Quintet
18	Jun	1996	Hubble V Nebula
19	Jun	2019	Interacting Galaxies AM 2026 424
20	Jun	2002	Galaxy Cluster Abell 1689
21	Jun	2002	Galaxy Cluster Abell 1689
22	Jun	2012	Interacting Galaxies Arp 142
23	Jun	2004	Galaxies in the Groth Strip
24	Jun	2002	Supernova 2002dd
25	Jun	2011	Neptune
26	Jun	2000	Seyfert's Sextet
27	Jun	2002	Galaxy Cluster RDCS 1252.9 2927
28	Jun	2005	Quasar MC2 1635+119
29	Jun	2012	Pluto System
30	Jun	1998	Ant Nebula
1	Jul	1993	Comet Shoemaker Levy 9 Fragments
2	Jul	2011	Necklace Nebula
3	Jul	1999	Star Cluster 47 Tucanae
4	Jul	2002	Carina Nebula
5	Jul	2001	Trifid Nebula
6	Jul	2012	Planetary Nebula NGC 5189
7	Jul	2010	Galaxy Cluster Abell 1689
8	Jul	2008	Jupiter's Spots
9	Jul	2001	Hoag's Object
10	Jul	2004	Galaxy NGC 4068
11	Jul	2000	Interacting Galaxies UGC 06471 and UGC 06472
12	Jul	2002	Galaxy Cluster TN J1338 1942
13	Jul	2004	Star Cluster NGC 346
14	Jul	2000	Supernova Remnant N 49
15	Jul	2009	Core of Star Cluster Omega Centauri
16	Jul	2006	Galaxy ESO 239 2
17	Jul	2002	Galaxy NGC 300
18	Jul	1997	Interacting Galaxies AM 1316 241
19	Jul	2002	Galaxy NGC 300
20	Jul	1997	Ant Nebula
21	Jul	2004	Antennae Galaxies
22	Jul	2006	Protostar IRAS 20324+4057
23	Jul	2009	Impact Scar on Jupiter
24	Jul	1996	Jupiter and Io
25	Jul	1999	Hickson Compact Group 87
26	Jul	2010	Andromeda Galaxy
27	Jul	2010	Andromeda Galaxy
28	Jul	2017	Triangulum Galaxy
29	Jul	2006	Star Cluster Trumpler 14
30	Jul	1995	Hourglass Nebula
31	Jul	2017	Triangulum Galaxy
1	Aug	2005	Galaxy NGC 1672
2	Aug	1997	Hubble V Nebula
3	Aug	2009	Impact Scar on Jupiter
4	Aug	2001	Herbig Haro 24
5	Aug	2011	Andromeda Galaxy
6	Aug	2011	Andromeda Galaxy
7	Aug	2010	Andromeda Galaxy
8	Aug	2003	Center of the Crab Nebula
9	Aug	2011	Andromeda Galaxy
10	Aug	2008	Nebula NGC 2074
11	Aug	2002	Interacting Galaxies Arp 220
12	Aug	2010	Andromeda Galaxy
13	Aug	1996	Neptune
14	Aug	1997	Galaxy NGC 1808
15	Aug	2017	Triangulum Galaxy
16	Aug	2011	Andromeda Galaxy
17	Aug	2004	Supernova in Galaxy NGC 2403
18	Aug	2003	Asteroid Trail Past Sagittarius Dwarf Irregular Galaxy
19	Aug	2009	Neptune
20	Aug	2009	Galaxy M83
21	Aug	2013	Galaxy NGC 6503
22	Aug	2017	Galaxy NGC 4993
23	Aug	2013	Galaxy Cluster Abell 2744
24	Aug	2003	Mars
25	Aug	1994	Herbig Haro 32
26	Aug	2009	Hubble Ultra Deep Field
27	Aug	2003	Mars
28	Aug	2009	Hubble Ultra Deep Field
29	Aug	2009	Hubble Ultra Deep Field
30	Aug	2009	Hubble Ultra Deep Field 
31	Aug	2009	Hubble Ultra Deep Field 
1	Sep	2009	Hubble Ultra Deep Field
2	Sep	2009	Hubble Ultra Deep Field 
3	Sep	2003	Galaxy HUDF JD2
4	Sep	1997	Nebula N 81
5	Sep	2009	Hubble Ultra Deep Field
6	Sep	2009	Hubble Ultra Deep Field 
7	Sep	1997	Hubble X Nebula
8	Sep	2006	Galaxy M81
9	Sep	2006	V838 Monocerotis Light Echo
10	Sep	2018	Galaxy Behind Star Cluster NGC 6752
11	Sep	2009	GOODS South Field 
12	Sep	2000	Galaxy NGC 3310
13	Sep	1997	Arches Cluster
14	Sep	2005	GOODS South Field 
15	Sep	2005	Center of the Crab Nebula
16	Sep	1997	Beta Pictoris Disk
17	Sep	2014	Galaxy UGC 5340
18	Sep	1994	Pinwheel Galaxy
19	Sep	1999	Reflection Nebula IC 349
20	Sep	2002	GOODS South Field 
21	Sep	2004	GOODS South Field
22	Sep	2002	GOODS South Field 
23	Sep	2010	Galaxy ESO 243 49
24	Sep	2010	Galaxy ESO 243 49
25	Sep	2005	Galaxy NGC 1132
26	Sep	2009	GOODS South Field 
27	Sep	2002	Egg Nebula
28	Sep	2002	Galaxy NGC 300
29	Sep	2009	GOODS South Field 
30	Sep	2009	GOODS South Field 
1	Oct	2001	Galaxy NGC 3949
2	Oct	2002	GOODS South Field 
3	Oct	2009	GOODS South Field
4	Oct	2009	GOODS South Field
5	Oct	2002	GOODS South Field
6	Oct	2004	GOODS South Field
7	Oct	2004	GOODS South Field
8	Oct	2012	Galaxy Hercules A
9	Oct	2001	Galaxy Cluster Abell 2667
10	Oct	1995	Interacting Galaxies Arp 148
11	Oct	2009	GOODS South Field
12	Oct	2004	Orion Nebula 
13	Oct	2009	Herbig Haro 24
14	Oct	1994	Galaxy Cluster 0024+1654
15	Oct	2003	Supernova Remnant E0102
16	Oct	1998	Ring Nebula
17	Oct	1996	Cartwheel Galaxy 
18	Oct	2001	Reflection Nebula N30B
19	Oct	2014	Comet Siding Spring
20	Oct	2009	30 Doradus Nebula 
21	Oct	1998	Galaxy NGC 1569
22	Oct	2012	Horsehead Nebula
23	Oct	2012	Horsehead Nebula
24	Oct	2011	Galaxy NGC 7714
25	Oct	2009	30 Doradus Nebula 
26	Oct	2009	Star Clusters in the Tarantula Nebula
27	Oct	2008	Interacting Galaxies Arp 147
28	Oct	2005	Mars
29	Oct	2013	Asteroid P/2013 R3
30	Oct	2004	Star Cluster NGC 290
31	Oct	2005	Nebula NGC 281
1	Nov	2006	Globular Cluster NGC 2808
2	Nov	2009	Hubble Ultra Deep Field 
3	Nov	2006	Einstein Ring SDSS J0946+1006
4	Nov	2010	Supernova Remnant 0509 67.5
5	Nov	2012	Horsehead Nebula
6	Nov	2018	Storm on Neptune
7	Nov	2012	Horsehead Nebula
8	Nov	2004	Star Cluster NGC 265
9	Nov	2009	Galaxy NGC 4150
10	Nov	1998	Galaxy NGC 1600
11	Nov	1998	Interacting Galaxies NGC 2207 and IC 2163
12	Nov	2005	Galaxy Pair NGC 6090
13	Nov	1996	Nebula N44C
14	Nov	1998	Reflection Nebula N30B
15	Nov	2007	Planetary Nebula NGC 2371
16	Nov	2016	Galaxy NGC 1052 DF2
17	Nov	2005	V838 Monocerotis Light Echo
18	Nov	2004	Galaxy Cluster Cl 0024+17
19	Nov	2001	Dumbbell Nebula
20	Nov	2005	Interacting Galaxies Arp 148
21	Nov	2014	Galaxy Cluster MACS J1149.6+2223
22	Nov	2003	Galaxy NGC 1313
23	Nov	2013	Galaxy Cluster Abell 2744
24	Nov	2013	Galaxy Cluster Abell 2744
25	Nov	2014	Star Cluster Westerlund 2
26	Nov	1998	Galaxy NGC 3079
27	Nov	2008	Planetary Nebula NGC 2818
28	Nov	2003	Supernova 1987A
29	Nov	1996	Mars
30	Nov	2014	Star Cluster Westerlund 2
1	Dec	2007	Mars
2	Dec	2005	Whirlpool Galaxy in Infrared
3	Dec	2009	Nebula and Star Cluster NGC 3603
4	Dec	2002	Andromeda Galaxy Halo
5	Dec	2005	Galaxy M81
6	Dec	2006	Supernova 1987A
7	Dec	1995	Southern Ring Nebula
8	Dec	2006	Supernova 1987A
9	Dec	2006	Supernova 1987A
10	Dec	2005	Galaxy M81
11	Dec	2005	Galaxy M81
12	Dec	2005	Galaxy Cluster SDSS J1004+4112
13	Dec	2018	Comet Wirtanen
14	Dec	2014	Galaxy Cluster MACS J1149.6+2223
15	Dec	2005	Galaxy M81
16	Dec	2002	Andromeda Galaxy Halo
17	Dec	2010	Interacting Galaxies Arp 273
18	Dec	1995	Hubble Deep Field
19	Dec	1995	Hubble Deep Field
20	Dec	1998	Globular Cluster M15
21	Dec	1995	Hubble Deep Field
22	Dec	2009	Galaxy NGC 4214
23	Dec	2009	Galaxy NGC 4214
24	Dec	2009	Galaxy NGC 4214
25	Dec	2009	Galaxy NGC 4214
26	Dec	1995	Hubble Deep Field
27	Dec	2006	Galaxy NGC 2976
28	Dec	1997	Galaxy I Zwicky 18
29	Dec	2005	Nebula and Star Cluster NGC 3603
30	Dec	1998	Stephan's Quintet
31	Dec	2006	Galaxy M81
